SEX_TYPE,GAIBJA_TYPE,RVSN_ADDR_CD,ASK_ID
1,1,11110.0,942
1,1,11140.0,876
1,1,11170.0,1491
1,1,11200.0,1737
1,1,11215.0,1176
1,1,11230.0,1557
1,1,11260.0,1842
1,1,11290.0,1536
1,1,11305.0,1566
1,1,11320.0,1512
1,1,11350.0,1305
1,1,11380.0,1866
1,1,11410.0,1581
1,1,11440.0,1701
1,1,11470.0,1800
1,1,11500.0,2001
1,1,11530.0,2085
1,1,11545.0,1272
1,1,11560.0,1296
1,1,11590.0,1122
1,1,11620.0,1980
1,1,11650.0,1368
1,1,11680.0,1518
1,1,11710.0,1587
1,1,11740.0,1989
1,1,26110.0,348
1,1,26140.0,546
1,1,26170.0,582
1,1,26200.0,453
1,1,26230.0,1671
1,1,26260.0,975
1,1,26290.0,903
1,1,26320.0,1122
1,1,26350.0,939
1,1,26380.0,1113
1,1,26410.0,855
1,1,26440.0,204
1,1,26470.0,936
1,1,26500.0,570
1,1,26530.0,828
1,1,26710.0,459
1,1,27110.0,441
1,1,27140.0,2346
1,1,27170.0,1110
1,1,27200.0,702
1,1,27230.0,1899
1,1,27260.0,1143
1,1,27290.0,2127
1,1,27710.0,1113
1,1,28110.0,810
1,1,28140.0,288
1,1,28170.0,1389
1,1,28185.0,939
1,1,28200.0,1353
1,1,28237.0,2142
1,1,28245.0,1497
1,1,28260.0,2295
1,1,28710.0,1983
1,1,28720.0,12
1,1,29110.0,588
1,1,29140.0,1194
1,1,29155.0,1254
1,1,29170.0,1932
1,1,29200.0,819
1,1,30110.0,1587
1,1,30140.0,1023
1,1,30170.0,1656
1,1,30200.0,870
1,1,30230.0,837
1,1,31110.0,942
1,1,31140.0,885
1,1,31170.0,135
1,1,31200.0,351
1,1,31710.0,1137
1,1,36110.0,489
1,1,41111.0,1083
1,1,41113.0,843
1,1,41115.0,981
1,1,41117.0,582
1,1,41131.0,1173
1,1,41133.0,1131
1,1,41135.0,1164
1,1,41150.0,1413
1,1,41171.0,843
1,1,41173.0,1215
1,1,41190.0,447
1,1,41195.0,1548
1,1,41197.0,969
1,1,41199.0,459
1,1,41210.0,1548
1,1,41220.0,1206
1,1,41250.0,531
1,1,41271.0,1692
1,1,41273.0,933
1,1,41281.0,1308
1,1,41285.0,954
1,1,41287.0,1146
1,1,41290.0,186
1,1,41310.0,1005
1,1,41360.0,2427
1,1,41370.0,867
1,1,41390.0,1383
1,1,41410.0,909
1,1,41430.0,555
1,1,41450.0,519
1,1,41461.0,696
1,1,41463.0,912
1,1,41465.0,1047
1,1,41480.0,1617
1,1,41500.0,594
1,1,41550.0,795
1,1,41570.0,1167
1,1,41590.0,1524
1,1,41610.0,1128
1,1,41630.0,735
1,1,41650.0,702
1,1,41670.0,273
1,1,41730.0,426
1,1,41800.0,267
1,1,41820.0,672
1,1,41830.0,660
1,1,42110.0,1257
1,1,42130.0,1233
1,1,42150.0,948
1,1,42170.0,396
1,1,42190.0,114
1,1,42210.0,177
1,1,42230.0,549
1,1,42720.0,276
1,1,42730.0,219
1,1,42750.0,357
1,1,42760.0,225
1,1,42770.0,198
1,1,42780.0,645
1,1,42790.0,159
1,1,42800.0,165
1,1,42810.0,42
1,1,42820.0,114
1,1,42830.0,564
1,1,43111.0,1080
1,1,43112.0,102
1,1,43113.0,801
1,1,43114.0,267
1,1,43130.0,1347
1,1,43150.0,1089
1,1,43710.0,435
1,1,43720.0,189
1,1,43730.0,243
1,1,43740.0,102
1,1,43745.0,69
1,1,43750.0,378
1,1,43760.0,27
1,1,43770.0,597
1,1,43800.0,330
1,1,44130.0,372
1,1,44131.0,753
1,1,44133.0,879
1,1,44150.0,519
1,1,44180.0,1038
1,1,44200.0,1149
1,1,44210.0,351
1,1,44230.0,1146
1,1,44250.0,60
1,1,44270.0,543
1,1,44710.0,423
1,1,44730.0,447
1,1,44760.0,594
1,1,44770.0,120
1,1,44790.0,129
1,1,44800.0,507
1,1,44810.0,384
1,1,44825.0,222
1,1,44830.0,474
1,1,45111.0,1077
1,1,45113.0,1233
1,1,45130.0,894
1,1,45140.0,1005
1,1,45180.0,942
1,1,45190.0,195
1,1,45210.0,708
1,1,45710.0,759
1,1,45720.0,42
1,1,45730.0,39
1,1,45740.0,105
1,1,45750.0,9
1,1,45770.0,294
1,1,45790.0,846
1,1,45800.0,198
1,1,46110.0,1272
1,1,46130.0,1068
1,1,46150.0,864
1,1,46170.0,534
1,1,46230.0,615
1,1,46710.0,426
1,1,46720.0,141
1,1,46730.0,456
1,1,46770.0,408
1,1,46780.0,633
1,1,46790.0,135
1,1,46800.0,603
1,1,46810.0,15
1,1,46820.0,1071
1,1,46830.0,135
1,1,46840.0,273
1,1,46860.0,168
1,1,46870.0,192
1,1,46880.0,117
1,1,46890.0,9
1,1,46900.0,159
1,1,46910.0,201
1,1,47111.0,543
1,1,47113.0,813
1,1,47130.0,1038
1,1,47150.0,675
1,1,47170.0,843
1,1,47190.0,2628
1,1,47210.0,723
1,1,47230.0,441
1,1,47250.0,336
1,1,47280.0,564
1,1,47290.0,1017
1,1,47720.0,150
1,1,47730.0,804
1,1,47750.0,3
1,1,47760.0,120
1,1,47770.0,492
1,1,47820.0,315
1,1,47830.0,135
1,1,47840.0,183
1,1,47850.0,585
1,1,47900.0,336
1,1,47920.0,132
1,1,47930.0,186
1,1,47940.0,30
1,1,48110.0,489
1,1,48121.0,564
1,1,48123.0,324
1,1,48125.0,390
1,1,48127.0,309
1,1,48129.0,123
1,1,48160.0,471
1,1,48170.0,864
1,1,48190.0,66
1,1,48220.0,1266
1,1,48240.0,225
1,1,48250.0,1503
1,1,48270.0,339
1,1,48310.0,369
1,1,48330.0,873
1,1,48720.0,201
1,1,48730.0,369
1,1,48740.0,390
1,1,48820.0,207
1,1,48840.0,666
1,1,48850.0,300
1,1,48860.0,261
1,1,48870.0,39
1,1,48880.0,717
1,1,48890.0,378
1,1,50110.0,2214
1,1,50130.0,1947
1,2,11110.0,180
1,2,11140.0,267
1,2,11170.0,210
1,2,11200.0,276
1,2,11215.0,201
1,2,11230.0,261
1,2,11260.0,243
1,2,11290.0,354
1,2,11305.0,249
1,2,11320.0,273
1,2,11350.0,288
1,2,11380.0,264
1,2,11410.0,201
1,2,11440.0,333
1,2,11470.0,309
1,2,11500.0,261
1,2,11530.0,291
1,2,11545.0,210
1,2,11560.0,255
1,2,11590.0,90
1,2,11620.0,309
1,2,11650.0,210
1,2,11680.0,186
1,2,11710.0,294
1,2,11740.0,252
1,2,26110.0,12
1,2,26140.0,105
1,2,26170.0,87
1,2,26200.0,138
1,2,26230.0,366
1,2,26260.0,105
1,2,26290.0,117
1,2,26320.0,165
1,2,26350.0,144
1,2,26380.0,276
1,2,26410.0,63
1,2,26440.0,72
1,2,26470.0,111
1,2,26500.0,108
1,2,26530.0,135
1,2,26710.0,129
1,2,27110.0,108
1,2,27140.0,405
1,2,27170.0,168
1,2,27200.0,102
1,2,27230.0,246
1,2,27260.0,201
1,2,27290.0,387
1,2,27710.0,234
1,2,28110.0,171
1,2,28140.0,6
1,2,28170.0,186
1,2,28185.0,144
1,2,28200.0,189
1,2,28237.0,255
1,2,28245.0,297
1,2,28260.0,216
1,2,28710.0,369
1,2,28720.0,3
1,2,29110.0,27
1,2,29140.0,114
1,2,29155.0,186
1,2,29170.0,324
1,2,29200.0,288
1,2,30110.0,312
1,2,30140.0,240
1,2,30170.0,273
1,2,30200.0,84
1,2,30230.0,147
1,2,31110.0,90
1,2,31140.0,111
1,2,31170.0,27
1,2,31200.0,108
1,2,31710.0,195
1,2,36110.0,102
1,2,41111.0,129
1,2,41113.0,171
1,2,41115.0,123
1,2,41117.0,54
1,2,41131.0,228
1,2,41133.0,240
1,2,41135.0,132
1,2,41150.0,369
1,2,41171.0,96
1,2,41173.0,180
1,2,41190.0,78
1,2,41195.0,198
1,2,41197.0,147
1,2,41199.0,81
1,2,41210.0,351
1,2,41220.0,132
1,2,41250.0,75
1,2,41271.0,312
1,2,41273.0,213
1,2,41281.0,153
1,2,41285.0,111
1,2,41287.0,249
1,2,41290.0,60
1,2,41310.0,273
1,2,41360.0,396
1,2,41370.0,84
1,2,41390.0,183
1,2,41410.0,126
1,2,41430.0,36
1,2,41450.0,69
1,2,41461.0,183
1,2,41463.0,174
1,2,41465.0,171
1,2,41480.0,204
1,2,41500.0,111
1,2,41550.0,69
1,2,41570.0,255
1,2,41590.0,393
1,2,41610.0,252
1,2,41630.0,198
1,2,41650.0,114
1,2,41670.0,33
1,2,41730.0,60
1,2,41800.0,6
1,2,41820.0,117
1,2,41830.0,30
1,2,42110.0,273
1,2,42130.0,291
1,2,42150.0,147
1,2,42170.0,33
1,2,42190.0,27
1,2,42210.0,48
1,2,42230.0,111
1,2,42720.0,81
1,2,42730.0,72
1,2,42750.0,57
1,2,42760.0,66
1,2,42770.0,126
1,2,42780.0,123
1,2,42810.0,9
1,2,42820.0,51
1,2,42830.0,105
1,2,43111.0,120
1,2,43112.0,3
1,2,43113.0,63
1,2,43114.0,24
1,2,43130.0,273
1,2,43150.0,204
1,2,43710.0,129
1,2,43720.0,24
1,2,43730.0,21
1,2,43740.0,108
1,2,43745.0,30
1,2,43750.0,129
1,2,43760.0,6
1,2,43770.0,81
1,2,43800.0,57
1,2,44130.0,30
1,2,44131.0,87
1,2,44133.0,33
1,2,44150.0,90
1,2,44180.0,210
1,2,44200.0,210
1,2,44210.0,126
1,2,44230.0,114
1,2,44250.0,6
1,2,44270.0,168
1,2,44710.0,6
1,2,44730.0,117
1,2,44760.0,126
1,2,44770.0,51
1,2,44790.0,24
1,2,44800.0,48
1,2,44810.0,129
1,2,44830.0,144
1,2,45111.0,144
1,2,45113.0,105
1,2,45130.0,123
1,2,45140.0,153
1,2,45180.0,255
1,2,45190.0,36
1,2,45210.0,102
1,2,45710.0,123
1,2,45720.0,3
1,2,45730.0,3
1,2,45740.0,12
1,2,45770.0,99
1,2,45790.0,150
1,2,45800.0,66
1,2,46110.0,168
1,2,46130.0,120
1,2,46150.0,165
1,2,46170.0,114
1,2,46230.0,60
1,2,46710.0,138
1,2,46720.0,12
1,2,46730.0,72
1,2,46770.0,189
1,2,46780.0,93
1,2,46790.0,15
1,2,46800.0,96
1,2,46810.0,3
1,2,46820.0,168
1,2,46830.0,57
1,2,46840.0,39
1,2,46860.0,60
1,2,46870.0,69
1,2,46880.0,39
1,2,46890.0,24
1,2,46910.0,39
1,2,47111.0,132
1,2,47113.0,27
1,2,47130.0,390
1,2,47150.0,186
1,2,47170.0,129
1,2,47190.0,393
1,2,47210.0,108
1,2,47230.0,135
1,2,47250.0,132
1,2,47280.0,177
1,2,47290.0,177
1,2,47720.0,6
1,2,47730.0,192
1,2,47770.0,102
1,2,47820.0,111
1,2,47830.0,54
1,2,47840.0,36
1,2,47850.0,45
1,2,47900.0,27
1,2,47920.0,21
1,2,47930.0,54
1,2,47940.0,6
1,2,48110.0,102
1,2,48121.0,162
1,2,48123.0,72
1,2,48125.0,105
1,2,48127.0,9
1,2,48129.0,33
1,2,48160.0,54
1,2,48170.0,114
1,2,48190.0,27
1,2,48220.0,171
1,2,48240.0,48
1,2,48250.0,240
1,2,48270.0,69
1,2,48310.0,45
1,2,48330.0,228
1,2,48720.0,81
1,2,48730.0,51
1,2,48740.0,30
1,2,48820.0,39
1,2,48840.0,90
1,2,48850.0,36
1,2,48860.0,12
1,2,48870.0,3
1,2,48880.0,147
1,2,48890.0,66
1,2,50110.0,177
1,2,50130.0,393
1,5,11110.0,795
1,5,11140.0,1125
1,5,11170.0,1326
1,5,11200.0,2277
1,5,11215.0,1965
1,5,11230.0,2031
1,5,11260.0,1749
1,5,11290.0,1584
1,5,11305.0,1506
1,5,11320.0,2754
1,5,11350.0,3186
1,5,11380.0,2820
1,5,11410.0,1815
1,5,11440.0,1992
1,5,11470.0,3696
1,5,11500.0,3162
1,5,11530.0,2721
1,5,11545.0,1692
1,5,11560.0,2451
1,5,11590.0,1821
1,5,11620.0,2697
1,5,11650.0,2949
1,5,11680.0,3513
1,5,11710.0,3786
1,5,11740.0,3465
1,5,26110.0,174
1,5,26140.0,462
1,5,26170.0,510
1,5,26200.0,765
1,5,26230.0,1929
1,5,26260.0,1551
1,5,26290.0,1689
1,5,26320.0,2010
1,5,26350.0,1077
1,5,26380.0,1902
1,5,26410.0,933
1,5,26440.0,240
1,5,26470.0,1692
1,5,26500.0,753
1,5,26530.0,1026
1,5,26710.0,306
1,5,27110.0,549
1,5,27140.0,2355
1,5,27170.0,993
1,5,27200.0,786
1,5,27230.0,2853
1,5,27260.0,2526
1,5,27290.0,3339
1,5,27710.0,1458
1,5,28110.0,1512
1,5,28140.0,498
1,5,28170.0,2052
1,5,28185.0,1785
1,5,28200.0,1896
1,5,28237.0,3528
1,5,28245.0,2382
1,5,28260.0,3456
1,5,28710.0,657
1,5,28720.0,15
1,5,29110.0,543
1,5,29140.0,2634
1,5,29155.0,1284
1,5,29170.0,2793
1,5,29200.0,2136
1,5,30110.0,1695
1,5,30140.0,1134
1,5,30170.0,3666
1,5,30200.0,2484
1,5,30230.0,1404
1,5,31110.0,2091
1,5,31140.0,2394
1,5,31170.0,1140
1,5,31200.0,1335
1,5,31710.0,1872
1,5,36110.0,1053
1,5,41111.0,1974
1,5,41113.0,1893
1,5,41115.0,963
1,5,41117.0,2082
1,5,41131.0,972
1,5,41133.0,891
1,5,41135.0,3345
1,5,41150.0,2430
1,5,41171.0,2022
1,5,41173.0,2910
1,5,41190.0,954
1,5,41195.0,2724
1,5,41197.0,1716
1,5,41199.0,624
1,5,41210.0,1551
1,5,41220.0,2583
1,5,41250.0,540
1,5,41271.0,2910
1,5,41273.0,1890
1,5,41281.0,1860
1,5,41285.0,1467
1,5,41287.0,2286
1,5,41290.0,858
1,5,41310.0,1668
1,5,41360.0,2811
1,5,41370.0,1710
1,5,41390.0,2244
1,5,41410.0,2436
1,5,41430.0,1281
1,5,41450.0,804
1,5,41461.0,1113
1,5,41463.0,2634
1,5,41465.0,2700
1,5,41480.0,2334
1,5,41500.0,1146
1,5,41550.0,1161
1,5,41570.0,1968
1,5,41590.0,2577
1,5,41610.0,1368
1,5,41630.0,1203
1,5,41650.0,795
1,5,41670.0,243
1,5,41730.0,300
1,5,41800.0,633
1,5,41820.0,309
1,5,41830.0,240
1,5,42110.0,1245
1,5,42130.0,2166
1,5,42150.0,1698
1,5,42170.0,366
1,5,42190.0,147
1,5,42210.0,423
1,5,42230.0,219
1,5,42720.0,330
1,5,42730.0,192
1,5,42750.0,216
1,5,42760.0,129
1,5,42770.0,273
1,5,42780.0,237
1,5,42790.0,180
1,5,42800.0,147
1,5,42810.0,69
1,5,42820.0,24
1,5,42830.0,336
1,5,43111.0,1230
1,5,43112.0,135
1,5,43113.0,1275
1,5,43114.0,390
1,5,43130.0,1203
1,5,43150.0,846
1,5,43710.0,636
1,5,43720.0,66
1,5,43730.0,156
1,5,43740.0,237
1,5,43745.0,24
1,5,43750.0,234
1,5,43760.0,24
1,5,43770.0,450
1,5,43800.0,315
1,5,44130.0,669
1,5,44131.0,1140
1,5,44133.0,2079
1,5,44150.0,150
1,5,44180.0,618
1,5,44200.0,1533
1,5,44210.0,621
1,5,44230.0,684
1,5,44250.0,249
1,5,44270.0,576
1,5,44710.0,132
1,5,44730.0,519
1,5,44760.0,255
1,5,44770.0,99
1,5,44790.0,129
1,5,44800.0,369
1,5,44810.0,327
1,5,44825.0,96
1,5,44830.0,366
1,5,45111.0,1806
1,5,45113.0,1641
1,5,45130.0,1521
1,5,45140.0,1224
1,5,45180.0,603
1,5,45190.0,105
1,5,45210.0,363
1,5,45710.0,363
1,5,45720.0,33
1,5,45730.0,9
1,5,45740.0,141
1,5,45750.0,48
1,5,45770.0,60
1,5,45790.0,402
1,5,45800.0,159
1,5,46110.0,1329
1,5,46130.0,1521
1,5,46150.0,1275
1,5,46170.0,621
1,5,46230.0,555
1,5,46710.0,321
1,5,46720.0,54
1,5,46730.0,93
1,5,46770.0,63
1,5,46780.0,159
1,5,46790.0,198
1,5,46800.0,105
1,5,46810.0,36
1,5,46820.0,90
1,5,46830.0,756
1,5,46840.0,258
1,5,46860.0,54
1,5,46870.0,213
1,5,46880.0,132
1,5,46890.0,33
1,5,46900.0,18
1,5,46910.0,111
1,5,47111.0,1233
1,5,47113.0,1971
1,5,47130.0,1434
1,5,47150.0,1287
1,5,47170.0,612
1,5,47190.0,2973
1,5,47210.0,423
1,5,47230.0,543
1,5,47250.0,276
1,5,47280.0,465
1,5,47290.0,1389
1,5,47720.0,420
1,5,47730.0,252
1,5,47750.0,18
1,5,47760.0,153
1,5,47770.0,237
1,5,47820.0,69
1,5,47830.0,81
1,5,47840.0,108
1,5,47850.0,834
1,5,47900.0,249
1,5,47920.0,198
1,5,47930.0,159
1,5,47940.0,24
1,5,48110.0,1329
1,5,48121.0,873
1,5,48123.0,1521
1,5,48125.0,492
1,5,48127.0,618
1,5,48129.0,567
1,5,48160.0,573
1,5,48170.0,1437
1,5,48190.0,351
1,5,48220.0,681
1,5,48240.0,294
1,5,48250.0,2835
1,5,48270.0,195
1,5,48310.0,1392
1,5,48330.0,1233
1,5,48720.0,75
1,5,48730.0,240
1,5,48740.0,210
1,5,48820.0,219
1,5,48840.0,93
1,5,48850.0,48
1,5,48860.0,99
1,5,48870.0,18
1,5,48880.0,474
1,5,48890.0,138
1,5,50110.0,3861
1,5,50130.0,1797
1,6,11110.0,573
1,6,11140.0,600
1,6,11170.0,789
1,6,11200.0,1128
1,6,11215.0,861
1,6,11230.0,1197
1,6,11260.0,987
1,6,11290.0,1395
1,6,11305.0,1608
1,6,11320.0,1437
1,6,11350.0,1251
1,6,11380.0,1401
1,6,11410.0,870
1,6,11440.0,1380
1,6,11470.0,1365
1,6,11500.0,1695
1,6,11530.0,1323
1,6,11545.0,1191
1,6,11560.0,906
1,6,11590.0,1017
1,6,11620.0,1878
1,6,11650.0,819
1,6,11680.0,1164
1,6,11710.0,1281
1,6,11740.0,1593
1,6,26110.0,9
1,6,26140.0,381
1,6,26170.0,348
1,6,26200.0,870
1,6,26230.0,1668
1,6,26260.0,1125
1,6,26290.0,1065
1,6,26320.0,1218
1,6,26350.0,774
1,6,26380.0,1275
1,6,26410.0,873
1,6,26440.0,105
1,6,26470.0,828
1,6,26500.0,576
1,6,26530.0,765
1,6,26710.0,324
1,6,27110.0,360
1,6,27140.0,2277
1,6,27170.0,1185
1,6,27200.0,750
1,6,27230.0,1413
1,6,27260.0,990
1,6,27290.0,2325
1,6,27710.0,675
1,6,28110.0,561
1,6,28140.0,249
1,6,28170.0,1560
1,6,28185.0,375
1,6,28200.0,1146
1,6,28237.0,1452
1,6,28245.0,822
1,6,28260.0,1311
1,6,28710.0,3045
1,6,28720.0,30
1,6,29110.0,876
1,6,29140.0,843
1,6,29155.0,1728
1,6,29170.0,1938
1,6,29200.0,678
1,6,30110.0,1602
1,6,30140.0,1071
1,6,30170.0,1866
1,6,30200.0,696
1,6,30230.0,636
1,6,31110.0,897
1,6,31140.0,786
1,6,31170.0,297
1,6,31200.0,351
1,6,31710.0,954
1,6,36110.0,720
1,6,41111.0,825
1,6,41113.0,741
1,6,41115.0,921
1,6,41117.0,534
1,6,41131.0,600
1,6,41133.0,825
1,6,41135.0,1152
1,6,41150.0,1512
1,6,41171.0,1053
1,6,41173.0,1041
1,6,41190.0,417
1,6,41195.0,930
1,6,41197.0,699
1,6,41199.0,342
1,6,41210.0,927
1,6,41220.0,1125
1,6,41250.0,408
1,6,41271.0,951
1,6,41273.0,483
1,6,41281.0,1050
1,6,41285.0,513
1,6,41287.0,804
1,6,41290.0,279
1,6,41310.0,1020
1,6,41360.0,1206
1,6,41370.0,624
1,6,41390.0,783
1,6,41410.0,966
1,6,41430.0,363
1,6,41450.0,264
1,6,41461.0,507
1,6,41463.0,1212
1,6,41465.0,789
1,6,41480.0,1185
1,6,41500.0,576
1,6,41550.0,561
1,6,41570.0,801
1,6,41590.0,1464
1,6,41610.0,714
1,6,41630.0,744
1,6,41650.0,447
1,6,41670.0,405
1,6,41730.0,486
1,6,41800.0,318
1,6,41820.0,780
1,6,41830.0,336
1,6,42110.0,1581
1,6,42130.0,1005
1,6,42150.0,774
1,6,42170.0,435
1,6,42190.0,117
1,6,42210.0,288
1,6,42230.0,597
1,6,42720.0,219
1,6,42730.0,249
1,6,42750.0,663
1,6,42760.0,36
1,6,42770.0,189
1,6,42780.0,492
1,6,42790.0,330
1,6,42800.0,45
1,6,42810.0,33
1,6,42820.0,234
1,6,42830.0,351
1,6,43111.0,1134
1,6,43112.0,93
1,6,43113.0,789
1,6,43114.0,387
1,6,43130.0,1509
1,6,43150.0,1683
1,6,43710.0,873
1,6,43720.0,372
1,6,43730.0,351
1,6,43740.0,216
1,6,43745.0,102
1,6,43750.0,471
1,6,43760.0,24
1,6,43770.0,567
1,6,43800.0,276
1,6,44130.0,189
1,6,44131.0,456
1,6,44133.0,747
1,6,44150.0,693
1,6,44180.0,729
1,6,44200.0,1275
1,6,44210.0,594
1,6,44230.0,1575
1,6,44270.0,837
1,6,44710.0,180
1,6,44730.0,516
1,6,44760.0,684
1,6,44770.0,489
1,6,44790.0,528
1,6,44800.0,684
1,6,44810.0,432
1,6,44825.0,198
1,6,44830.0,699
1,6,45111.0,912
1,6,45113.0,1527
1,6,45130.0,675
1,6,45140.0,1038
1,6,45180.0,744
1,6,45190.0,444
1,6,45210.0,1020
1,6,45710.0,1155
1,6,45720.0,327
1,6,45730.0,18
1,6,45740.0,57
1,6,45750.0,69
1,6,45770.0,501
1,6,45790.0,1092
1,6,45800.0,171
1,6,46110.0,1023
1,6,46130.0,1323
1,6,46150.0,576
1,6,46170.0,822
1,6,46230.0,528
1,6,46710.0,633
1,6,46720.0,510
1,6,46730.0,183
1,6,46770.0,678
1,6,46780.0,909
1,6,46790.0,309
1,6,46800.0,477
1,6,46810.0,36
1,6,46820.0,1086
1,6,46830.0,444
1,6,46840.0,603
1,6,46860.0,321
1,6,46870.0,117
1,6,46880.0,45
1,6,46890.0,9
1,6,46900.0,180
1,6,46910.0,177
1,6,47111.0,648
1,6,47113.0,792
1,6,47130.0,1086
1,6,47150.0,1212
1,6,47170.0,1659
1,6,47190.0,2082
1,6,47210.0,1083
1,6,47230.0,1125
1,6,47250.0,837
1,6,47280.0,657
1,6,47290.0,621
1,6,47720.0,255
1,6,47730.0,1611
1,6,47750.0,27
1,6,47760.0,48
1,6,47770.0,780
1,6,47820.0,459
1,6,47830.0,312
1,6,47840.0,363
1,6,47850.0,237
1,6,47900.0,384
1,6,47920.0,366
1,6,47930.0,228
1,6,48110.0,414
1,6,48121.0,717
1,6,48123.0,327
1,6,48125.0,579
1,6,48127.0,405
1,6,48129.0,360
1,6,48160.0,453
1,6,48170.0,1182
1,6,48190.0,111
1,6,48220.0,627
1,6,48240.0,297
1,6,48250.0,1671
1,6,48270.0,546
1,6,48310.0,264
1,6,48330.0,714
1,6,48720.0,456
1,6,48730.0,711
1,6,48740.0,1140
1,6,48820.0,327
1,6,48840.0,558
1,6,48850.0,231
1,6,48860.0,609
1,6,48870.0,63
1,6,48880.0,924
1,6,48890.0,585
1,6,50110.0,2877
1,6,50130.0,2808
1,7,11140.0,81
1,7,11170.0,87
1,7,11200.0,39
1,7,11215.0,12
1,7,11230.0,141
1,7,11260.0,81
1,7,11290.0,33
1,7,11305.0,93
1,7,11320.0,171
1,7,11350.0,195
1,7,11380.0,66
1,7,11410.0,42
1,7,11440.0,102
1,7,11470.0,75
1,7,11500.0,324
1,7,11530.0,18
1,7,11545.0,108
1,7,11560.0,174
1,7,11590.0,12
1,7,11620.0,210
1,7,11650.0,6
1,7,11680.0,165
1,7,11710.0,63
1,7,11740.0,72
1,7,26110.0,36
1,7,26140.0,183
1,7,26170.0,84
1,7,26200.0,249
1,7,26230.0,288
1,7,26260.0,45
1,7,26290.0,69
1,7,26320.0,267
1,7,26350.0,99
1,7,26380.0,165
1,7,26410.0,81
1,7,26470.0,45
1,7,26500.0,72
1,7,26530.0,216
1,7,26710.0,30
1,7,27110.0,63
1,7,27140.0,174
1,7,27170.0,72
1,7,27200.0,102
1,7,27230.0,249
1,7,27260.0,291
1,7,27290.0,84
1,7,27710.0,75
1,7,28110.0,72
1,7,28140.0,45
1,7,28170.0,90
1,7,28185.0,126
1,7,28200.0,225
1,7,28237.0,234
1,7,28245.0,90
1,7,28260.0,114
1,7,28710.0,84
1,7,29110.0,39
1,7,29140.0,54
1,7,29155.0,120
1,7,29170.0,222
1,7,29200.0,48
1,7,30110.0,204
1,7,30140.0,300
1,7,30170.0,105
1,7,30200.0,12
1,7,30230.0,150
1,7,31110.0,66
1,7,31140.0,48
1,7,31200.0,3
1,7,31710.0,21
1,7,36110.0,60
1,7,41111.0,174
1,7,41113.0,42
1,7,41115.0,249
1,7,41117.0,42
1,7,41131.0,99
1,7,41133.0,189
1,7,41135.0,21
1,7,41150.0,165
1,7,41171.0,57
1,7,41173.0,51
1,7,41190.0,84
1,7,41195.0,150
1,7,41197.0,51
1,7,41199.0,18
1,7,41210.0,45
1,7,41220.0,120
1,7,41250.0,60
1,7,41271.0,207
1,7,41273.0,66
1,7,41281.0,90
1,7,41285.0,21
1,7,41287.0,18
1,7,41310.0,42
1,7,41360.0,159
1,7,41370.0,75
1,7,41390.0,354
1,7,41410.0,54
1,7,41430.0,12
1,7,41450.0,45
1,7,41461.0,36
1,7,41465.0,6
1,7,41480.0,108
1,7,41550.0,153
1,7,41570.0,42
1,7,41590.0,111
1,7,41610.0,57
1,7,41630.0,39
1,7,41650.0,30
1,7,41670.0,99
1,7,41730.0,99
1,7,41800.0,114
1,7,41820.0,36
1,7,41830.0,21
1,7,42110.0,648
1,7,42130.0,51
1,7,42150.0,120
1,7,42170.0,6
1,7,42190.0,72
1,7,42210.0,27
1,7,42230.0,117
1,7,42720.0,3
1,7,42730.0,15
1,7,42770.0,12
1,7,42780.0,48
1,7,42800.0,27
1,7,42830.0,42
1,7,43111.0,99
1,7,43112.0,6
1,7,43113.0,72
1,7,43114.0,18
1,7,43130.0,147
1,7,43150.0,534
1,7,43710.0,51
1,7,43720.0,12
1,7,43730.0,6
1,7,43745.0,18
1,7,43760.0,3
1,7,43770.0,129
1,7,44130.0,3
1,7,44131.0,18
1,7,44133.0,66
1,7,44150.0,39
1,7,44180.0,192
1,7,44200.0,117
1,7,44230.0,78
1,7,44270.0,48
1,7,44730.0,78
1,7,44760.0,135
1,7,44800.0,96
1,7,44810.0,78
1,7,44825.0,9
1,7,44830.0,57
1,7,45111.0,195
1,7,45113.0,93
1,7,45130.0,42
1,7,45140.0,180
1,7,45180.0,75
1,7,45190.0,78
1,7,45210.0,318
1,7,45710.0,138
1,7,45740.0,3
1,7,45770.0,42
1,7,45790.0,117
1,7,45800.0,27
1,7,46110.0,195
1,7,46130.0,102
1,7,46150.0,45
1,7,46170.0,18
1,7,46230.0,3
1,7,46710.0,99
1,7,46730.0,42
1,7,46770.0,114
1,7,46780.0,75
1,7,46790.0,3
1,7,46800.0,87
1,7,46810.0,9
1,7,46820.0,84
1,7,46840.0,6
1,7,46860.0,27
1,7,46900.0,42
1,7,46910.0,21
1,7,47111.0,138
1,7,47113.0,141
1,7,47130.0,45
1,7,47150.0,405
1,7,47170.0,309
1,7,47190.0,180
1,7,47210.0,147
1,7,47230.0,21
1,7,47250.0,51
1,7,47280.0,24
1,7,47290.0,132
1,7,47720.0,6
1,7,47730.0,69
1,7,47760.0,60
1,7,47770.0,21
1,7,47820.0,15
1,7,47830.0,30
1,7,47850.0,48
1,7,47900.0,63
1,7,47920.0,42
1,7,47930.0,15
1,7,48110.0,63
1,7,48121.0,36
1,7,48123.0,15
1,7,48125.0,36
1,7,48127.0,51
1,7,48160.0,45
1,7,48170.0,171
1,7,48220.0,258
1,7,48250.0,210
1,7,48270.0,9
1,7,48310.0,24
1,7,48330.0,42
1,7,48720.0,48
1,7,48740.0,42
1,7,48820.0,60
1,7,48840.0,6
1,7,48850.0,12
1,7,48860.0,51
1,7,48880.0,57
1,7,48890.0,6
1,7,50110.0,393
1,7,50130.0,78
1,8,11215.0,36
1,8,11290.0,24
1,8,11305.0,15
1,8,11320.0,30
1,8,11350.0,15
1,8,11440.0,9
1,8,11470.0,18
1,8,11500.0,3
1,8,11620.0,21
1,8,26140.0,36
1,8,26200.0,84
1,8,26380.0,48
1,8,26410.0,12
1,8,26500.0,15
1,8,26530.0,51
1,8,26710.0,9
1,8,27140.0,39
1,8,27170.0,3
1,8,27200.0,36
1,8,27230.0,39
1,8,27260.0,6
1,8,27710.0,18
1,8,28140.0,9
1,8,28185.0,24
1,8,28200.0,18
1,8,28237.0,57
1,8,28710.0,27
1,8,29140.0,15
1,8,29200.0,3
1,8,30110.0,9
1,8,30140.0,21
1,8,30170.0,24
1,8,30230.0,33
1,8,31140.0,18
1,8,36110.0,18
1,8,41115.0,51
1,8,41133.0,3
1,8,41150.0,33
1,8,41173.0,3
1,8,41195.0,21
1,8,41273.0,12
1,8,41290.0,3
1,8,41390.0,36
1,8,41410.0,3
1,8,41450.0,21
1,8,41500.0,3
1,8,41550.0,33
1,8,41590.0,21
1,8,41630.0,3
1,8,42110.0,54
1,8,42130.0,3
1,8,42230.0,9
1,8,43111.0,3
1,8,43113.0,18
1,8,43114.0,3
1,8,43130.0,3
1,8,43150.0,9
1,8,43710.0,6
1,8,43720.0,21
1,8,44133.0,9
1,8,44180.0,3
1,8,44200.0,12
1,8,44270.0,15
1,8,44730.0,9
1,8,44760.0,12
1,8,44790.0,18
1,8,44800.0,6
1,8,45111.0,15
1,8,45210.0,18
1,8,45790.0,3
1,8,45800.0,9
1,8,46130.0,78
1,8,46170.0,9
1,8,46800.0,6
1,8,47113.0,6
1,8,47150.0,36
1,8,47170.0,6
1,8,47190.0,9
1,8,47230.0,24
1,8,47290.0,15
1,8,47720.0,24
1,8,47730.0,27
1,8,48110.0,6
1,8,48160.0,3
1,8,48170.0,3
1,8,48250.0,15
1,8,48330.0,3
1,8,48820.0,9
1,8,48880.0,6
1,8,50110.0,6
1,8,50130.0,9
2,1,11110.0,663
2,1,11140.0,642
2,1,11170.0,942
2,1,11200.0,1056
2,1,11215.0,714
2,1,11230.0,1098
2,1,11260.0,1386
2,1,11290.0,1353
2,1,11305.0,1365
2,1,11320.0,1137
2,1,11350.0,1266
2,1,11380.0,1146
2,1,11410.0,1080
2,1,11440.0,1059
2,1,11470.0,1056
2,1,11500.0,1161
2,1,11530.0,999
2,1,11545.0,699
2,1,11560.0,1416
2,1,11590.0,765
2,1,11620.0,1290
2,1,11650.0,894
2,1,11680.0,939
2,1,11710.0,1560
2,1,11740.0,1242
2,1,26110.0,216
2,1,26140.0,618
2,1,26170.0,432
2,1,26200.0,624
2,1,26230.0,1023
2,1,26260.0,498
2,1,26290.0,429
2,1,26320.0,765
2,1,26350.0,579
2,1,26380.0,648
2,1,26410.0,459
2,1,26440.0,183
2,1,26470.0,492
2,1,26500.0,510
2,1,26530.0,510
2,1,26710.0,189
2,1,27110.0,405
2,1,27140.0,1173
2,1,27170.0,669
2,1,27200.0,456
2,1,27230.0,711
2,1,27260.0,957
2,1,27290.0,1545
2,1,27710.0,648
2,1,28110.0,429
2,1,28140.0,231
2,1,28170.0,1230
2,1,28185.0,537
2,1,28200.0,1254
2,1,28237.0,1107
2,1,28245.0,846
2,1,28260.0,1188
2,1,28710.0,753
2,1,28720.0,27
2,1,29110.0,162
2,1,29140.0,735
2,1,29155.0,894
2,1,29170.0,1161
2,1,29200.0,678
2,1,30110.0,1134
2,1,30140.0,876
2,1,30170.0,1116
2,1,30200.0,636
2,1,30230.0,543
2,1,31110.0,750
2,1,31140.0,798
2,1,31170.0,291
2,1,31200.0,135
2,1,31710.0,672
2,1,36110.0,225
2,1,41111.0,1074
2,1,41113.0,678
2,1,41115.0,915
2,1,41117.0,624
2,1,41131.0,690
2,1,41133.0,1197
2,1,41135.0,747
2,1,41150.0,1314
2,1,41171.0,726
2,1,41173.0,663
2,1,41190.0,330
2,1,41195.0,861
2,1,41197.0,651
2,1,41199.0,474
2,1,41210.0,1101
2,1,41220.0,672
2,1,41250.0,324
2,1,41271.0,1293
2,1,41273.0,810
2,1,41281.0,1122
2,1,41285.0,777
2,1,41287.0,1221
2,1,41290.0,177
2,1,41310.0,702
2,1,41360.0,1656
2,1,41370.0,228
2,1,41390.0,630
2,1,41410.0,552
2,1,41430.0,384
2,1,41450.0,294
2,1,41461.0,699
2,1,41463.0,570
2,1,41465.0,423
2,1,41480.0,651
2,1,41500.0,465
2,1,41550.0,573
2,1,41570.0,579
2,1,41590.0,1074
2,1,41610.0,609
2,1,41630.0,570
2,1,41650.0,333
2,1,41670.0,240
2,1,41730.0,318
2,1,41800.0,216
2,1,41820.0,249
2,1,41830.0,225
2,1,42110.0,1089
2,1,42130.0,816
2,1,42150.0,708
2,1,42170.0,201
2,1,42190.0,150
2,1,42210.0,342
2,1,42230.0,183
2,1,42720.0,252
2,1,42730.0,126
2,1,42750.0,273
2,1,42760.0,219
2,1,42770.0,141
2,1,42780.0,228
2,1,42790.0,123
2,1,42800.0,36
2,1,42810.0,12
2,1,42820.0,162
2,1,42830.0,216
2,1,43111.0,390
2,1,43112.0,54
2,1,43113.0,474
2,1,43114.0,180
2,1,43130.0,681
2,1,43150.0,789
2,1,43710.0,273
2,1,43720.0,132
2,1,43730.0,108
2,1,43740.0,153
2,1,43745.0,147
2,1,43750.0,108
2,1,43760.0,30
2,1,43770.0,357
2,1,43800.0,213
2,1,44130.0,213
2,1,44131.0,285
2,1,44133.0,576
2,1,44150.0,474
2,1,44180.0,486
2,1,44200.0,855
2,1,44210.0,393
2,1,44230.0,531
2,1,44250.0,78
2,1,44270.0,435
2,1,44710.0,57
2,1,44730.0,225
2,1,44760.0,387
2,1,44770.0,156
2,1,44790.0,63
2,1,44800.0,294
2,1,44810.0,252
2,1,44825.0,264
2,1,44830.0,237
2,1,45111.0,888
2,1,45113.0,552
2,1,45130.0,633
2,1,45140.0,807
2,1,45180.0,435
2,1,45190.0,444
2,1,45210.0,252
2,1,45710.0,336
2,1,45720.0,75
2,1,45730.0,18
2,1,45740.0,45
2,1,45750.0,24
2,1,45770.0,240
2,1,45790.0,573
2,1,45800.0,138
2,1,46110.0,1176
2,1,46130.0,834
2,1,46150.0,477
2,1,46170.0,468
2,1,46230.0,396
2,1,46710.0,207
2,1,46720.0,18
2,1,46730.0,255
2,1,46770.0,189
2,1,46780.0,345
2,1,46790.0,150
2,1,46800.0,408
2,1,46810.0,12
2,1,46820.0,522
2,1,46830.0,87
2,1,46840.0,180
2,1,46860.0,252
2,1,46870.0,57
2,1,46880.0,33
2,1,46890.0,138
2,1,46900.0,189
2,1,46910.0,75
2,1,47111.0,477
2,1,47113.0,759
2,1,47130.0,906
2,1,47150.0,555
2,1,47170.0,546
2,1,47190.0,771
2,1,47210.0,165
2,1,47230.0,441
2,1,47250.0,507
2,1,47280.0,246
2,1,47290.0,741
2,1,47720.0,90
2,1,47730.0,411
2,1,47750.0,156
2,1,47760.0,69
2,1,47770.0,300
2,1,47820.0,183
2,1,47830.0,138
2,1,47840.0,105
2,1,47850.0,204
2,1,47900.0,165
2,1,47920.0,126
2,1,47930.0,114
2,1,47940.0,18
2,1,48110.0,336
2,1,48121.0,225
2,1,48123.0,234
2,1,48125.0,429
2,1,48127.0,222
2,1,48129.0,243
2,1,48160.0,393
2,1,48170.0,972
2,1,48190.0,108
2,1,48220.0,987
2,1,48240.0,198
2,1,48250.0,1158
2,1,48270.0,393
2,1,48310.0,276
2,1,48330.0,417
2,1,48720.0,174
2,1,48730.0,162
2,1,48740.0,372
2,1,48820.0,288
2,1,48840.0,579
2,1,48850.0,72
2,1,48860.0,198
2,1,48870.0,21
2,1,48880.0,189
2,1,48890.0,198
2,1,50110.0,1656
2,1,50130.0,807
2,2,11110.0,1107
2,2,11140.0,867
2,2,11170.0,1821
2,2,11200.0,2211
2,2,11215.0,1602
2,2,11230.0,2454
2,2,11260.0,2145
2,2,11290.0,2187
2,2,11305.0,1983
2,2,11320.0,2589
2,2,11350.0,2238
2,2,11380.0,2841
2,2,11410.0,2109
2,2,11440.0,1866
2,2,11470.0,2826
2,2,11500.0,2580
2,2,11530.0,2640
2,2,11545.0,1470
2,2,11560.0,1944
2,2,11590.0,1626
2,2,11620.0,2112
2,2,11650.0,1890
2,2,11680.0,2439
2,2,11710.0,2928
2,2,11740.0,2937
2,2,26110.0,150
2,2,26140.0,672
2,2,26170.0,777
2,2,26200.0,636
2,2,26230.0,2412
2,2,26260.0,1614
2,2,26290.0,1359
2,2,26320.0,1812
2,2,26350.0,1536
2,2,26380.0,1776
2,2,26410.0,1485
2,2,26440.0,375
2,2,26470.0,1350
2,2,26500.0,1026
2,2,26530.0,1335
2,2,26710.0,624
2,2,27110.0,567
2,2,27140.0,2994
2,2,27170.0,1104
2,2,27200.0,1056
2,2,27230.0,2652
2,2,27260.0,1872
2,2,27290.0,3363
2,2,27710.0,1632
2,2,28110.0,1002
2,2,28140.0,297
2,2,28170.0,1788
2,2,28185.0,1464
2,2,28200.0,1866
2,2,28237.0,2697
2,2,28245.0,2004
2,2,28260.0,2757
2,2,28710.0,2070
2,2,28720.0,39
2,2,29110.0,522
2,2,29140.0,1569
2,2,29155.0,1299
2,2,29170.0,2409
2,2,29200.0,1263
2,2,30110.0,1656
2,2,30140.0,1254
2,2,30170.0,2238
2,2,30200.0,1380
2,2,30230.0,924
2,2,31110.0,1452
2,2,31140.0,1359
2,2,31170.0,567
2,2,31200.0,429
2,2,31710.0,1524
2,2,36110.0,480
2,2,41111.0,1566
2,2,41113.0,1122
2,2,41115.0,960
2,2,41117.0,999
2,2,41131.0,1161
2,2,41133.0,1185
2,2,41135.0,1965
2,2,41150.0,2547
2,2,41171.0,1254
2,2,41173.0,2169
2,2,41190.0,684
2,2,41195.0,2235
2,2,41197.0,1374
2,2,41199.0,690
2,2,41210.0,2049
2,2,41220.0,1461
2,2,41250.0,600
2,2,41271.0,2295
2,2,41273.0,1071
2,2,41281.0,2184
2,2,41285.0,1152
2,2,41287.0,1548
2,2,41290.0,249
2,2,41310.0,1380
2,2,41360.0,3159
2,2,41370.0,915
2,2,41390.0,1398
2,2,41410.0,1389
2,2,41430.0,954
2,2,41450.0,399
2,2,41461.0,1086
2,2,41463.0,1305
2,2,41465.0,1557
2,2,41480.0,2091
2,2,41500.0,747
2,2,41550.0,681
2,2,41570.0,1623
2,2,41590.0,2103
2,2,41610.0,1431
2,2,41630.0,1143
2,2,41650.0,954
2,2,41670.0,321
2,2,41730.0,462
2,2,41800.0,267
2,2,41820.0,453
2,2,41830.0,729
2,2,42110.0,1230
2,2,42130.0,1587
2,2,42150.0,1269
2,2,42170.0,495
2,2,42190.0,153
2,2,42210.0,381
2,2,42230.0,402
2,2,42720.0,330
2,2,42730.0,108
2,2,42750.0,303
2,2,42760.0,279
2,2,42770.0,93
2,2,42780.0,588
2,2,42790.0,186
2,2,42800.0,108
2,2,42810.0,90
2,2,42820.0,279
2,2,42830.0,381
2,2,43111.0,1218
2,2,43112.0,144
2,2,43113.0,1131
2,2,43114.0,354
2,2,43130.0,1464
2,2,43150.0,906
2,2,43710.0,618
2,2,43720.0,117
2,2,43730.0,267
2,2,43740.0,240
2,2,43745.0,105
2,2,43750.0,519
2,2,43760.0,102
2,2,43770.0,633
2,2,43800.0,522
2,2,44130.0,558
2,2,44131.0,999
2,2,44133.0,1032
2,2,44150.0,639
2,2,44180.0,1053
2,2,44200.0,1266
2,2,44210.0,642
2,2,44230.0,858
2,2,44250.0,87
2,2,44270.0,696
2,2,44710.0,441
2,2,44730.0,507
2,2,44760.0,519
2,2,44770.0,204
2,2,44790.0,105
2,2,44800.0,558
2,2,44810.0,624
2,2,44825.0,255
2,2,44830.0,618
2,2,45111.0,1458
2,2,45113.0,1791
2,2,45130.0,1086
2,2,45140.0,1248
2,2,45180.0,912
2,2,45190.0,282
2,2,45210.0,747
2,2,45710.0,723
2,2,45720.0,90
2,2,45730.0,102
2,2,45740.0,63
2,2,45750.0,39
2,2,45770.0,312
2,2,45790.0,795
2,2,45800.0,222
2,2,46110.0,1434
2,2,46130.0,1314
2,2,46150.0,1278
2,2,46170.0,522
2,2,46230.0,675
2,2,46710.0,525
2,2,46720.0,81
2,2,46730.0,402
2,2,46770.0,555
2,2,46780.0,552
2,2,46790.0,222
2,2,46800.0,504
2,2,46810.0,90
2,2,46820.0,744
2,2,46830.0,249
2,2,46840.0,276
2,2,46860.0,120
2,2,46870.0,198
2,2,46880.0,96
2,2,46890.0,120
2,2,46900.0,165
2,2,46910.0,180
2,2,47111.0,909
2,2,47113.0,1413
2,2,47130.0,1533
2,2,47150.0,786
2,2,47170.0,1209
2,2,47190.0,2946
2,2,47210.0,816
2,2,47230.0,465
2,2,47250.0,585
2,2,47280.0,606
2,2,47290.0,927
2,2,47720.0,225
2,2,47730.0,717
2,2,47750.0,24
2,2,47760.0,96
2,2,47770.0,351
2,2,47820.0,339
2,2,47830.0,114
2,2,47840.0,231
2,2,47850.0,663
2,2,47900.0,312
2,2,47920.0,144
2,2,47930.0,297
2,2,48110.0,780
2,2,48121.0,786
2,2,48123.0,624
2,2,48125.0,594
2,2,48127.0,477
2,2,48129.0,237
2,2,48160.0,720
2,2,48170.0,1740
2,2,48190.0,198
2,2,48220.0,1749
2,2,48240.0,336
2,2,48250.0,2271
2,2,48270.0,351
2,2,48310.0,663
2,2,48330.0,1308
2,2,48720.0,90
2,2,48730.0,468
2,2,48740.0,363
2,2,48820.0,336
2,2,48840.0,837
2,2,48850.0,429
2,2,48860.0,240
2,2,48870.0,114
2,2,48880.0,750
2,2,48890.0,276
2,2,50110.0,2775
2,2,50130.0,2121
2,5,11110.0,789
2,5,11140.0,564
2,5,11170.0,1488
2,5,11200.0,1452
2,5,11215.0,1956
2,5,11230.0,1479
2,5,11260.0,1323
2,5,11290.0,1776
2,5,11305.0,1374
2,5,11320.0,2190
2,5,11350.0,2412
2,5,11380.0,2142
2,5,11410.0,1668
2,5,11440.0,1398
2,5,11470.0,2400
2,5,11500.0,2472
2,5,11530.0,1935
2,5,11545.0,1392
2,5,11560.0,1911
2,5,11590.0,1767
2,5,11620.0,2046
2,5,11650.0,2013
2,5,11680.0,2634
2,5,11710.0,3060
2,5,11740.0,2535
2,5,26110.0,90
2,5,26140.0,426
2,5,26170.0,489
2,5,26200.0,552
2,5,26230.0,1341
2,5,26260.0,1158
2,5,26290.0,1266
2,5,26320.0,1341
2,5,26350.0,1515
2,5,26380.0,1665
2,5,26410.0,1194
2,5,26440.0,255
2,5,26470.0,1119
2,5,26500.0,477
2,5,26530.0,786
2,5,26710.0,345
2,5,27110.0,282
2,5,27140.0,2007
2,5,27170.0,942
2,5,27200.0,624
2,5,27230.0,1632
2,5,27260.0,1797
2,5,27290.0,2580
2,5,27710.0,1005
2,5,28110.0,996
2,5,28140.0,462
2,5,28170.0,1479
2,5,28185.0,1434
2,5,28200.0,1464
2,5,28237.0,2607
2,5,28245.0,1428
2,5,28260.0,2193
2,5,28710.0,504
2,5,28720.0,6
2,5,29110.0,438
2,5,29140.0,1830
2,5,29155.0,1338
2,5,29170.0,2514
2,5,29200.0,1725
2,5,30110.0,1236
2,5,30140.0,1173
2,5,30170.0,2508
2,5,30200.0,1539
2,5,30230.0,1194
2,5,31110.0,1566
2,5,31140.0,1602
2,5,31170.0,405
2,5,31200.0,531
2,5,31710.0,1395
2,5,36110.0,762
2,5,41111.0,1788
2,5,41113.0,1440
2,5,41115.0,885
2,5,41117.0,1368
2,5,41131.0,918
2,5,41133.0,1230
2,5,41135.0,1947
2,5,41150.0,1935
2,5,41171.0,1446
2,5,41173.0,2019
2,5,41190.0,861
2,5,41195.0,1965
2,5,41197.0,1245
2,5,41199.0,588
2,5,41210.0,1662
2,5,41220.0,1449
2,5,41250.0,309
2,5,41271.0,1875
2,5,41273.0,1215
2,5,41281.0,1779
2,5,41285.0,1155
2,5,41287.0,1764
2,5,41290.0,561
2,5,41310.0,1518
2,5,41360.0,2292
2,5,41370.0,1011
2,5,41390.0,1278
2,5,41410.0,1695
2,5,41430.0,1149
2,5,41450.0,477
2,5,41461.0,1083
2,5,41463.0,1977
2,5,41465.0,1350
2,5,41480.0,2157
2,5,41500.0,1200
2,5,41550.0,1182
2,5,41570.0,1620
2,5,41590.0,2019
2,5,41610.0,1050
2,5,41630.0,1002
2,5,41650.0,723
2,5,41670.0,351
2,5,41730.0,447
2,5,41800.0,336
2,5,41820.0,291
2,5,41830.0,288
2,5,42110.0,1101
2,5,42130.0,1416
2,5,42150.0,1158
2,5,42170.0,396
2,5,42190.0,99
2,5,42210.0,444
2,5,42230.0,123
2,5,42720.0,270
2,5,42730.0,51
2,5,42750.0,150
2,5,42760.0,162
2,5,42770.0,144
2,5,42780.0,231
2,5,42790.0,153
2,5,42800.0,6
2,5,42810.0,9
2,5,42820.0,18
2,5,42830.0,207
2,5,43111.0,1062
2,5,43112.0,258
2,5,43113.0,1167
2,5,43114.0,363
2,5,43130.0,1110
2,5,43150.0,486
2,5,43710.0,468
2,5,43720.0,117
2,5,43730.0,198
2,5,43740.0,264
2,5,43745.0,69
2,5,43750.0,387
2,5,43760.0,66
2,5,43770.0,492
2,5,43800.0,84
2,5,44130.0,363
2,5,44131.0,1107
2,5,44133.0,1767
2,5,44150.0,276
2,5,44180.0,450
2,5,44200.0,1329
2,5,44210.0,591
2,5,44230.0,801
2,5,44250.0,138
2,5,44270.0,408
2,5,44710.0,81
2,5,44730.0,288
2,5,44760.0,264
2,5,44770.0,150
2,5,44790.0,48
2,5,44800.0,384
2,5,44810.0,219
2,5,44825.0,39
2,5,44830.0,210
2,5,45111.0,1635
2,5,45113.0,1224
2,5,45130.0,1140
2,5,45140.0,1185
2,5,45180.0,438
2,5,45190.0,186
2,5,45210.0,294
2,5,45710.0,522
2,5,45720.0,93
2,5,45730.0,30
2,5,45740.0,12
2,5,45750.0,33
2,5,45770.0,165
2,5,45790.0,246
2,5,45800.0,63
2,5,46110.0,1098
2,5,46130.0,870
2,5,46150.0,1044
2,5,46170.0,390
2,5,46230.0,507
2,5,46710.0,198
2,5,46720.0,72
2,5,46730.0,105
2,5,46770.0,129
2,5,46780.0,90
2,5,46790.0,333
2,5,46800.0,63
2,5,46810.0,39
2,5,46820.0,204
2,5,46830.0,165
2,5,46840.0,105
2,5,46860.0,78
2,5,46870.0,213
2,5,46880.0,114
2,5,46890.0,9
2,5,46910.0,93
2,5,47111.0,501
2,5,47113.0,1236
2,5,47130.0,1299
2,5,47150.0,879
2,5,47170.0,546
2,5,47190.0,2583
2,5,47210.0,264
2,5,47230.0,309
2,5,47250.0,234
2,5,47280.0,213
2,5,47290.0,1281
2,5,47720.0,138
2,5,47730.0,168
2,5,47750.0,6
2,5,47760.0,39
2,5,47770.0,225
2,5,47820.0,42
2,5,47830.0,144
2,5,47840.0,96
2,5,47850.0,579
2,5,47900.0,171
2,5,47920.0,147
2,5,47930.0,93
2,5,47940.0,3
2,5,48110.0,591
2,5,48121.0,684
2,5,48123.0,834
2,5,48125.0,390
2,5,48127.0,579
2,5,48129.0,378
2,5,48160.0,516
2,5,48170.0,1491
2,5,48190.0,150
2,5,48220.0,462
2,5,48240.0,252
2,5,48250.0,2070
2,5,48270.0,366
2,5,48310.0,642
2,5,48330.0,1176
2,5,48720.0,33
2,5,48730.0,402
2,5,48740.0,159
2,5,48820.0,159
2,5,48840.0,129
2,5,48850.0,69
2,5,48860.0,123
2,5,48870.0,24
2,5,48880.0,363
2,5,48890.0,78
2,5,50110.0,2829
2,5,50130.0,1500
2,6,11110.0,1503
2,6,11140.0,1362
2,6,11170.0,2160
2,6,11200.0,4593
2,6,11215.0,3543
2,6,11230.0,3750
2,6,11260.0,3297
2,6,11290.0,3906
2,6,11305.0,3549
2,6,11320.0,5373
2,6,11350.0,6660
2,6,11380.0,4332
2,6,11410.0,3525
2,6,11440.0,4521
2,6,11470.0,5580
2,6,11500.0,5082
2,6,11530.0,5076
2,6,11545.0,2517
2,6,11560.0,3891
2,6,11590.0,3594
2,6,11620.0,4275
2,6,11650.0,3495
2,6,11680.0,5037
2,6,11710.0,6825
2,6,11740.0,5871
2,6,26110.0,333
2,6,26140.0,1266
2,6,26170.0,1677
2,6,26200.0,2304
2,6,26230.0,4866
2,6,26260.0,3633
2,6,26290.0,2805
2,6,26320.0,3957
2,6,26350.0,2739
2,6,26380.0,3957
2,6,26410.0,2670
2,6,26440.0,498
2,6,26470.0,2979
2,6,26500.0,1929
2,6,26530.0,2928
2,6,26710.0,804
2,6,27110.0,984
2,6,27140.0,5553
2,6,27170.0,2475
2,6,27200.0,2136
2,6,27230.0,4614
2,6,27260.0,4935
2,6,27290.0,7512
2,6,27710.0,2559
2,6,28110.0,2184
2,6,28140.0,789
2,6,28170.0,4839
2,6,28185.0,2709
2,6,28200.0,3870
2,6,28237.0,6120
2,6,28245.0,3804
2,6,28260.0,5229
2,6,28710.0,3987
2,6,28720.0,81
2,6,29110.0,1575
2,6,29140.0,3399
2,6,29155.0,3744
2,6,29170.0,5823
2,6,29200.0,3180
2,6,30110.0,3204
2,6,30140.0,2910
2,6,30170.0,5991
2,6,30200.0,4410
2,6,30230.0,2106
2,6,31110.0,3768
2,6,31140.0,4395
2,6,31170.0,2274
2,6,31200.0,2658
2,6,31710.0,3579
2,6,36110.0,1779
2,6,41111.0,2970
2,6,41113.0,2565
2,6,41115.0,2124
2,6,41117.0,2916
2,6,41131.0,1866
2,6,41133.0,2190
2,6,41135.0,5250
2,6,41150.0,4779
2,6,41171.0,3453
2,6,41173.0,4872
2,6,41190.0,1308
2,6,41195.0,3894
2,6,41197.0,2361
2,6,41199.0,1041
2,6,41210.0,3468
2,6,41220.0,4791
2,6,41250.0,945
2,6,41271.0,4320
2,6,41273.0,2937
2,6,41281.0,4305
2,6,41285.0,2187
2,6,41287.0,3699
2,6,41290.0,1182
2,6,41310.0,2790
2,6,41360.0,4716
2,6,41370.0,2427
2,6,41390.0,3207
2,6,41410.0,3942
2,6,41430.0,2064
2,6,41450.0,1101
2,6,41461.0,1620
2,6,41463.0,4170
2,6,41465.0,4107
2,6,41480.0,4251
2,6,41500.0,1473
2,6,41550.0,1641
2,6,41570.0,2220
2,6,41590.0,4188
2,6,41610.0,2064
2,6,41630.0,2037
2,6,41650.0,1092
2,6,41670.0,543
2,6,41730.0,681
2,6,41800.0,807
2,6,41820.0,1131
2,6,41830.0,747
2,6,42110.0,3096
2,6,42130.0,3432
2,6,42150.0,2652
2,6,42170.0,1185
2,6,42190.0,339
2,6,42210.0,1134
2,6,42230.0,1470
2,6,42720.0,537
2,6,42730.0,399
2,6,42750.0,1044
2,6,42760.0,120
2,6,42770.0,315
2,6,42780.0,696
2,6,42790.0,480
2,6,42800.0,222
2,6,42810.0,21
2,6,42820.0,366
2,6,42830.0,651
2,6,43111.0,2577
2,6,43112.0,288
2,6,43113.0,2553
2,6,43114.0,696
2,6,43130.0,3207
2,6,43150.0,2538
2,6,43710.0,1584
2,6,43720.0,825
2,6,43730.0,903
2,6,43740.0,564
2,6,43745.0,390
2,6,43750.0,1170
2,6,43760.0,123
2,6,43770.0,969
2,6,43800.0,585
2,6,44130.0,1065
2,6,44131.0,1809
2,6,44133.0,2991
2,6,44150.0,1134
2,6,44180.0,1875
2,6,44200.0,2457
2,6,44210.0,1611
2,6,44230.0,2562
2,6,44250.0,339
2,6,44270.0,1512
2,6,44710.0,582
2,6,44730.0,1224
2,6,44760.0,1182
2,6,44770.0,909
2,6,44790.0,729
2,6,44800.0,1320
2,6,44810.0,924
2,6,44825.0,540
2,6,44830.0,1020
2,6,45111.0,3501
2,6,45113.0,3843
2,6,45130.0,2481
2,6,45140.0,3126
2,6,45180.0,1581
2,6,45190.0,684
2,6,45210.0,1629
2,6,45710.0,1821
2,6,45720.0,498
2,6,45730.0,96
2,6,45740.0,249
2,6,45750.0,51
2,6,45770.0,750
2,6,45790.0,1665
2,6,45800.0,396
2,6,46110.0,3180
2,6,46130.0,3954
2,6,46150.0,3168
2,6,46170.0,1614
2,6,46230.0,1137
2,6,46710.0,1296
2,6,46720.0,684
2,6,46730.0,381
2,6,46770.0,1110
2,6,46780.0,1380
2,6,46790.0,726
2,6,46800.0,621
2,6,46810.0,171
2,6,46820.0,1680
2,6,46830.0,837
2,6,46840.0,1020
2,6,46860.0,501
2,6,46870.0,330
2,6,46880.0,255
2,6,46890.0,177
2,6,46900.0,252
2,6,46910.0,282
2,6,47111.0,2511
2,6,47113.0,3687
2,6,47130.0,3189
2,6,47150.0,2985
2,6,47170.0,2964
2,6,47190.0,5343
2,6,47210.0,2250
2,6,47230.0,1908
2,6,47250.0,1500
2,6,47280.0,1914
2,6,47290.0,2250
2,6,47720.0,495
2,6,47730.0,1830
2,6,47750.0,87
2,6,47760.0,354
2,6,47770.0,1188
2,6,47820.0,822
2,6,47830.0,396
2,6,47840.0,297
2,6,47850.0,1536
2,6,47900.0,714
2,6,47920.0,864
2,6,47930.0,828
2,6,47940.0,30
2,6,48110.0,2121
2,6,48121.0,1683
2,6,48123.0,2163
2,6,48125.0,1461
2,6,48127.0,1341
2,6,48129.0,1254
2,6,48160.0,1401
2,6,48170.0,3378
2,6,48190.0,621
2,6,48220.0,1743
2,6,48240.0,1152
2,6,48250.0,4611
2,6,48270.0,1062
2,6,48310.0,2256
2,6,48330.0,2205
2,6,48720.0,654
2,6,48730.0,1188
2,6,48740.0,1572
2,6,48820.0,594
2,6,48840.0,1212
2,6,48850.0,573
2,6,48860.0,1008
2,6,48870.0,342
2,6,48880.0,1536
2,6,48890.0,1344
2,6,50110.0,6261
2,6,50130.0,4176
2,7,11110.0,39
2,7,11140.0,15
2,7,11170.0,135
2,7,11200.0,123
2,7,11215.0,60
2,7,11230.0,294
2,7,11260.0,273
2,7,11290.0,369
2,7,11305.0,264
2,7,11320.0,189
2,7,11350.0,573
2,7,11380.0,183
2,7,11410.0,315
2,7,11440.0,141
2,7,11470.0,219
2,7,11500.0,378
2,7,11530.0,114
2,7,11545.0,225
2,7,11560.0,291
2,7,11590.0,204
2,7,11620.0,255
2,7,11650.0,108
2,7,11680.0,216
2,7,11710.0,261
2,7,11740.0,186
2,7,26110.0,96
2,7,26140.0,441
2,7,26170.0,282
2,7,26200.0,588
2,7,26230.0,939
2,7,26260.0,150
2,7,26290.0,183
2,7,26320.0,669
2,7,26350.0,225
2,7,26380.0,723
2,7,26410.0,192
2,7,26440.0,51
2,7,26470.0,84
2,7,26500.0,120
2,7,26530.0,417
2,7,26710.0,81
2,7,27110.0,63
2,7,27140.0,474
2,7,27170.0,318
2,7,27200.0,252
2,7,27230.0,426
2,7,27260.0,279
2,7,27290.0,465
2,7,27710.0,165
2,7,28110.0,111
2,7,28170.0,183
2,7,28185.0,474
2,7,28200.0,237
2,7,28237.0,411
2,7,28245.0,285
2,7,28260.0,228
2,7,28710.0,204
2,7,29110.0,186
2,7,29140.0,138
2,7,29155.0,120
2,7,29170.0,525
2,7,29200.0,138
2,7,30110.0,294
2,7,30140.0,432
2,7,30170.0,222
2,7,30200.0,36
2,7,30230.0,306
2,7,31110.0,165
2,7,31140.0,21
2,7,31170.0,51
2,7,31200.0,30
2,7,31710.0,171
2,7,36110.0,99
2,7,41111.0,171
2,7,41113.0,84
2,7,41115.0,141
2,7,41117.0,66
2,7,41131.0,51
2,7,41133.0,102
2,7,41135.0,27
2,7,41150.0,198
2,7,41171.0,150
2,7,41173.0,45
2,7,41190.0,174
2,7,41195.0,480
2,7,41197.0,195
2,7,41199.0,105
2,7,41210.0,225
2,7,41220.0,228
2,7,41250.0,228
2,7,41271.0,198
2,7,41273.0,201
2,7,41281.0,285
2,7,41285.0,75
2,7,41287.0,111
2,7,41290.0,42
2,7,41310.0,180
2,7,41360.0,54
2,7,41370.0,90
2,7,41390.0,252
2,7,41410.0,87
2,7,41430.0,3
2,7,41450.0,39
2,7,41461.0,21
2,7,41463.0,24
2,7,41465.0,3
2,7,41480.0,183
2,7,41500.0,66
2,7,41550.0,150
2,7,41570.0,90
2,7,41590.0,168
2,7,41610.0,117
2,7,41630.0,132
2,7,41650.0,90
2,7,41670.0,30
2,7,41730.0,75
2,7,41800.0,102
2,7,41820.0,48
2,7,41830.0,15
2,7,42110.0,1059
2,7,42130.0,123
2,7,42150.0,141
2,7,42170.0,18
2,7,42190.0,36
2,7,42210.0,75
2,7,42230.0,132
2,7,42720.0,33
2,7,42750.0,42
2,7,42760.0,30
2,7,42770.0,27
2,7,42780.0,72
2,7,42790.0,42
2,7,42800.0,27
2,7,42810.0,24
2,7,42820.0,99
2,7,42830.0,36
2,7,43111.0,234
2,7,43112.0,21
2,7,43113.0,195
2,7,43114.0,81
2,7,43130.0,180
2,7,43150.0,276
2,7,43710.0,126
2,7,43720.0,81
2,7,43730.0,51
2,7,43740.0,72
2,7,43745.0,30
2,7,43750.0,30
2,7,43760.0,3
2,7,43770.0,156
2,7,43800.0,57
2,7,44130.0,21
2,7,44131.0,48
2,7,44133.0,42
2,7,44150.0,102
2,7,44180.0,111
2,7,44200.0,393
2,7,44210.0,60
2,7,44230.0,213
2,7,44270.0,57
2,7,44710.0,12
2,7,44730.0,114
2,7,44760.0,111
2,7,44790.0,102
2,7,44800.0,150
2,7,44810.0,78
2,7,44825.0,36
2,7,44830.0,33
2,7,45111.0,213
2,7,45113.0,288
2,7,45130.0,276
2,7,45140.0,465
2,7,45180.0,153
2,7,45190.0,300
2,7,45210.0,582
2,7,45710.0,168
2,7,45720.0,30
2,7,45730.0,12
2,7,45740.0,3
2,7,45750.0,12
2,7,45770.0,36
2,7,45790.0,138
2,7,45800.0,69
2,7,46110.0,300
2,7,46130.0,312
2,7,46150.0,63
2,7,46170.0,57
2,7,46230.0,153
2,7,46710.0,81
2,7,46720.0,9
2,7,46730.0,36
2,7,46770.0,102
2,7,46780.0,39
2,7,46790.0,108
2,7,46800.0,78
2,7,46810.0,12
2,7,46820.0,78
2,7,46830.0,12
2,7,46840.0,51
2,7,46860.0,147
2,7,46870.0,48
2,7,46880.0,27
2,7,46890.0,6
2,7,46900.0,84
2,7,46910.0,93
2,7,47111.0,195
2,7,47113.0,228
2,7,47130.0,66
2,7,47150.0,291
2,7,47170.0,489
2,7,47190.0,327
2,7,47210.0,81
2,7,47230.0,72
2,7,47250.0,84
2,7,47280.0,93
2,7,47290.0,174
2,7,47720.0,45
2,7,47730.0,123
2,7,47750.0,6
2,7,47760.0,21
2,7,47770.0,60
2,7,47820.0,75
2,7,47830.0,27
2,7,47840.0,21
2,7,47850.0,84
2,7,47900.0,75
2,7,47920.0,51
2,7,47930.0,33
2,7,48110.0,108
2,7,48121.0,93
2,7,48123.0,138
2,7,48125.0,141
2,7,48127.0,132
2,7,48129.0,39
2,7,48160.0,132
2,7,48170.0,354
2,7,48190.0,12
2,7,48220.0,207
2,7,48240.0,132
2,7,48250.0,249
2,7,48270.0,210
2,7,48310.0,60
2,7,48330.0,195
2,7,48720.0,33
2,7,48730.0,9
2,7,48740.0,69
2,7,48820.0,108
2,7,48840.0,108
2,7,48850.0,36
2,7,48860.0,72
2,7,48880.0,102
2,7,48890.0,216
2,7,50110.0,369
2,7,50130.0,210
2,8,11110.0,30
2,8,11140.0,9
2,8,11170.0,69
2,8,11200.0,45
2,8,11215.0,27
2,8,11230.0,12
2,8,11260.0,42
2,8,11290.0,48
2,8,11305.0,81
2,8,11320.0,150
2,8,11350.0,135
2,8,11380.0,96
2,8,11410.0,24
2,8,11440.0,48
2,8,11470.0,48
2,8,11500.0,120
2,8,11545.0,27
2,8,11560.0,114
2,8,11590.0,3
2,8,11620.0,102
2,8,11650.0,6
2,8,11680.0,45
2,8,11710.0,114
2,8,11740.0,93
2,8,26140.0,45
2,8,26170.0,84
2,8,26200.0,126
2,8,26230.0,264
2,8,26260.0,39
2,8,26290.0,3
2,8,26320.0,309
2,8,26350.0,51
2,8,26380.0,135
2,8,26410.0,39
2,8,26440.0,39
2,8,26470.0,18
2,8,26500.0,90
2,8,26530.0,75
2,8,26710.0,33
2,8,27110.0,15
2,8,27140.0,57
2,8,27170.0,78
2,8,27200.0,105
2,8,27230.0,189
2,8,27260.0,141
2,8,27290.0,165
2,8,27710.0,141
2,8,28110.0,45
2,8,28140.0,6
2,8,28170.0,99
2,8,28185.0,60
2,8,28200.0,84
2,8,28237.0,96
2,8,28245.0,57
2,8,28260.0,135
2,8,28710.0,147
2,8,29110.0,9
2,8,29140.0,75
2,8,29155.0,114
2,8,29170.0,231
2,8,29200.0,45
2,8,30110.0,75
2,8,30140.0,186
2,8,30170.0,81
2,8,30230.0,24
2,8,31110.0,36
2,8,31140.0,3
2,8,31710.0,45
2,8,36110.0,33
2,8,41113.0,6
2,8,41115.0,114
2,8,41131.0,3
2,8,41133.0,30
2,8,41135.0,6
2,8,41150.0,84
2,8,41171.0,9
2,8,41173.0,27
2,8,41190.0,27
2,8,41195.0,87
2,8,41197.0,12
2,8,41199.0,21
2,8,41210.0,27
2,8,41220.0,195
2,8,41250.0,15
2,8,41271.0,168
2,8,41273.0,57
2,8,41281.0,66
2,8,41285.0,30
2,8,41287.0,51
2,8,41310.0,36
2,8,41360.0,117
2,8,41370.0,57
2,8,41390.0,120
2,8,41410.0,3
2,8,41430.0,6
2,8,41450.0,36
2,8,41463.0,15
2,8,41465.0,6
2,8,41480.0,63
2,8,41500.0,3
2,8,41550.0,150
2,8,41570.0,78
2,8,41590.0,30
2,8,41610.0,3
2,8,41630.0,42
2,8,41670.0,18
2,8,41730.0,15
2,8,41800.0,45
2,8,41820.0,30
2,8,41830.0,12
2,8,42110.0,288
2,8,42130.0,51
2,8,42150.0,90
2,8,42170.0,6
2,8,42190.0,36
2,8,42230.0,42
2,8,42760.0,21
2,8,42770.0,9
2,8,42780.0,75
2,8,42790.0,3
2,8,42810.0,9
2,8,42830.0,42
2,8,43111.0,36
2,8,43113.0,18
2,8,43130.0,135
2,8,43150.0,132
2,8,43710.0,33
2,8,43720.0,36
2,8,43740.0,3
2,8,43760.0,36
2,8,43770.0,15
2,8,44130.0,15
2,8,44131.0,9
2,8,44133.0,30
2,8,44150.0,18
2,8,44180.0,63
2,8,44200.0,105
2,8,44210.0,9
2,8,44230.0,90
2,8,44270.0,33
2,8,44730.0,51
2,8,44770.0,36
2,8,44790.0,18
2,8,44800.0,87
2,8,44825.0,15
2,8,44830.0,54
2,8,45111.0,93
2,8,45113.0,39
2,8,45130.0,105
2,8,45140.0,90
2,8,45180.0,33
2,8,45190.0,78
2,8,45210.0,393
2,8,45710.0,15
2,8,45720.0,3
2,8,45750.0,6
2,8,45770.0,15
2,8,45790.0,120
2,8,46110.0,147
2,8,46130.0,90
2,8,46150.0,96
2,8,46170.0,51
2,8,46230.0,3
2,8,46710.0,48
2,8,46720.0,3
2,8,46730.0,24
2,8,46770.0,24
2,8,46780.0,66
2,8,46800.0,3
2,8,46820.0,48
2,8,46830.0,30
2,8,46840.0,72
2,8,46860.0,3
2,8,46870.0,33
2,8,46900.0,93
2,8,46910.0,27
2,8,47111.0,96
2,8,47113.0,183
2,8,47130.0,36
2,8,47150.0,225
2,8,47170.0,99
2,8,47190.0,60
2,8,47210.0,93
2,8,47230.0,24
2,8,47250.0,24
2,8,47280.0,9
2,8,47290.0,66
2,8,47720.0,33
2,8,47730.0,15
2,8,47750.0,30
2,8,47760.0,36
2,8,47770.0,6
2,8,47820.0,15
2,8,47830.0,30
2,8,47850.0,33
2,8,47900.0,30
2,8,47920.0,18
2,8,48110.0,30
2,8,48121.0,36
2,8,48123.0,6
2,8,48125.0,12
2,8,48127.0,12
2,8,48160.0,36
2,8,48170.0,48
2,8,48220.0,180
2,8,48250.0,135
2,8,48270.0,39
2,8,48310.0,18
2,8,48330.0,51
2,8,48820.0,63
2,8,48860.0,15
2,8,48880.0,6
2,8,48890.0,27
2,8,50110.0,120
2,8,50130.0,75
